Station,Year,Month,Day,Latitude,Longitude,Mean Depth,Std. Dev. Depth,Mean Density,Std. Dev. Density
5,1955,5,31,82.915,153.49,49.4,15.021,0.299,0.020248
5,1955,6,11,83.472,153.03,46.01,14.75,0.334,0.025033
5,1955,6,23,83.722,150.47,43.867,17.492,0.36875,0.029001
5,1955,7,4,83.868,151.62,25.82,14.352,0.386,0.050155
5,1955,11,10,85.368,120.07,NaN,NaN,0.265,0.060231
5,1955,11,22,86.027,116.48,25.06,11.013,0.261,0.01912
5,1955,11,30,86.262,112.13,NaN,NaN,0.24,0.022913
5,1955,12,31,NaN,NaN,24.1,9.0094,0.2975,0.030589
5,1956,1,29,NaN,NaN,NaN,NaN,0.25222,0.047639
5,1956,2,27,86.262,96.208,NaN,NaN,0.26444,0.049018
5,1956,3,29,86.307,92.333,NaN,NaN,0.27444,0.054798
7,1957,5,31,82.988,-163.35,NaN,NaN,0.345,0.016432
7,1957,6,30,83.763,-166.97,26.82,11.257,0.315,0.053198
7,1957,9,30,NaN,NaN,15.3,5.8979,0.19667,0.049261
7,1957,10,31,NaN,NaN,16.08,7.348,0.29667,0.050067
7,1957,11,25,85.778,-173.63,18.72,8.0763,0.29833,0.052694
7,1957,12,29,85.765,-166.33,18.94,6.8643,0.31333,0.047188
7,1958,5,4,86.257,-150.08,27.3,12.669,0.331,0.029231
7,1958,6,2,NaN,NaN,25.31,9.7584,0.286,0.035963
7,1958,10,1,NaN,NaN,20.08,10.312,0.20429,0.019881
7,1958,11,2,87.297,-59.367,22.79,11.232,0.247,0.0094868
7,1958,12,6,86.562,-61.95,NaN,NaN,0.277,0.026268
7,1959,1,7,86.33,-63.133,29.66,11.837,0.266,0.014298
7,1959,2,4,86.222,-62.717,28.72,9.9098,0.274,0.019551
7,1959,3,7,85.767,-44.45,28.79,15.722,0.27667,0.018028
8,1959,5,27,NaN,NaN,27.091,12.996,0.312,0.052154
8,1959,10,20,NaN,NaN,NaN,NaN,0.314,0.027928
8,1959,11,16,NaN,NaN,NaN,NaN,0.314,0.035777
8,1959,12,16,NaN,NaN,NaN,NaN,0.298,0.033466
8,1960,1,30,NaN,NaN,NaN,NaN,0.308,0.028636
8,1960,2,29,NaN,NaN,NaN,NaN,0.33,0.01
8,1960,3,24,NaN,NaN,NaN,NaN,0.312,0.019235
8,1960,4,29,NaN,NaN,NaN,NaN,0.356,0.052249
8,1960,5,30,NaN,NaN,NaN,NaN,0.344,0.018166
8,1960,9,30,NaN,NaN,NaN,NaN,0.199,0.021833
8,1960,10,30,NaN,NaN,NaN,NaN,0.288,0.055136
8,1960,11,30,NaN,NaN,NaN,NaN,0.258,0.053292
8,1960,12,29,NaN,NaN,NaN,NaN,0.338,0.074506
8,1961,1,1,NaN,NaN,NaN,NaN,0.266,0.034059
8,1961,2,22,NaN,NaN,NaN,NaN,0.329,0.053635
8,1961,3,13,NaN,NaN,NaN,NaN,0.337,0.047621
8,1961,6,1,83.803,-145.16,23.18,12.804,0.28333,0.03873
8,1961,9,30,NaN,NaN,19.19,6.919,0.151,0.021833
8,1961,10,31,NaN,NaN,21.74,8.543,0.184,0.045509
8,1961,11,30,82.972,-139.51,21.61,9.3072,0.223,0.045228
8,1962,1,2,82.747,-136.31,NaN,NaN,0.229,0.051088
8,1962,2,28,NaN,NaN,NaN,NaN,0.261,0.038137
9,1960,5,31,NaN,NaN,45.15,14.316,0.295,0.030641
9,1960,9,30,NaN,NaN,17.89,12.146,0.243,0.036225
9,1960,10,28,NaN,NaN,16.47,9.5879,0.26,0.037417
9,1960,11,30,NaN,NaN,17.97,9.6572,0.258,0.046857
9,1960,12,30,NaN,NaN,21.01,11.331,0.274,0.035963
9,1961,1,30,NaN,NaN,NaN,NaN,0.292,0.053083
10,1961,11,24,75.468,171.27,NaN,NaN,0.211,0.02846
10,1961,12,22,75.37,170.57,NaN,NaN,0.237,0.025841
10,1962,1,31,75.758,170.12,NaN,NaN,0.282,0.032592
10,1962,2,26,76.038,167.51,NaN,NaN,0.292,0.048028
10,1962,3,31,76.963,161.56,NaN,NaN,0.288,0.038239
10,1962,4,30,NaN,NaN,NaN,NaN,0.304,0.022706
10,1962,5,20,78.11,159.91,NaN,NaN,0.332,0.055936
10,1962,11,29,NaN,NaN,28.21,11.855,0.245,0.037491
10,1962,12,30,79.442,160.91,24.59,10.072,0.269,0.024698
10,1963,2,2,80.145,159.56,26.86,10.673,0.279,0.025144
10,1963,3,3,NaN,NaN,29.96,11.412,0.285,0.027588
10,1963,4,1,81.05,157.32,30.922,10.811,0.292,0.017512
11,1962,8,31,81.683,-154,9.08,3.5296,0.189,0.0073786
11,1962,9,30,NaN,NaN,14.63,5.7781,0.308,0.014757
11,1962,10,29,82.15,-151.48,15.66,9.2771,0.276,0.029889
11,1962,11,30,82.168,-145.85,26.05,16.991,0.345,0.066207
11,1963,1,2,81.355,-142.75,24.54,14.463,0.317,0.050343
11,1963,2,1,81.147,-139.26,23.98,13.816,0.3,0.051854
11,1963,2,28,81.322,-137.75,NaN,NaN,0.316,0.028752
11,1963,3,31,81.08,-138.11,26.02,14.894,0.308,0.067462
12,1963,5,31,77.2,-168.3,38.96,20.683,0.322,0.021499
12,1963,9,29,78.8,-174.2,13.55,8.355,0.228,0.033267
12,1963,10,31,78.6,-175,17.69,11.619,0.261,0.029981
12,1963,11,29,78.8,-174,22.12,13.853,0.298,0.029364
12,1964,1,31,80.5,-171.2,32.05,16.315,0.31,0.036818
12,1964,2,29,81,-169.5,33.74,17.525,0.302,0.038528
12,1964,3,30,81.3,-166.5,34.3,18.319,0.298,0.034897
12,1964,5,2,81.4,-165.2,28.5,12.947,0.292,0.039665
12,1964,5,31,82.4,-162.2,NaN,NaN,0.33444,0.031667
12,1964,9,30,83.3,-157,20.39,9.1308,0.216,0.029515
12,1964,12,31,NaN,NaN,28.15,8.1033,0.294,0.02319
12,1965,2,1,NaN,NaN,30.52,9.6614,0.296,0.019551
12,1965,3,2,80.6,-146.4,31.78,12.583,0.316,0.036271
13,1964,5,30,NaN,NaN,22.44,16.062,0.36222,0.051181
13,1964,9,30,NaN,NaN,19.41,10.738,0.221,0.031073
13,1964,10,29,NaN,NaN,20.4,12.882,0.254,0.02675
13,1964,11,29,76.49,172.21,32.26,16.545,0.279,0.040675
13,1964,12,30,76.813,171.59,29.12,17.712,0.302,0.04158
13,1965,1,29,77.717,168.18,32.49,16.72,0.311,0.027264
13,1965,2,27,77.81,168.11,37.03,19.976,0.32,0.036818
13,1965,4,29,78.252,164.8,38.48,21.771,0.335,0.037786
13,1965,5,31,78.82,162.75,41.82,22.224,0.287,0.048316
13,1965,7,2,80.455,156.3,18.45,12.386,0.37857,0.069864
13,1965,9,10,NaN,NaN,4.41,3.3518,0.295,0.02429
13,1965,10,2,NaN,NaN,10.18,4.5999,0.236,0.018974
13,1965,10,31,80.572,150.92,NaN,NaN,0.275,0.045522
13,1966,9,20,87.103,143.99,17.6,11.996,0.025714,0.007868
14,1965,5,30,NaN,NaN,22.37,14.362,0.323,0.03093
14,1965,9,29,76.03,166.44,14.74,5.9554,0.2,0.022608
14,1965,10,30,NaN,NaN,20.49,9.9752,0.24,0.029059
14,1965,11,30,76.65,158.22,NaN,NaN,0.272,0.013166
15,1966,5,22,79.147,170.06,32.42,18.395,0.427,0.05697
15,1966,6,25,79.423,174.11,46.03,20.571,0.362,0.020976
15,1966,9,30,80.817,171.29,16.76,4.3464,0.121,0.01792
15,1966,10,27,NaN,NaN,23.91,7.4483,0.185,0.020138
15,1966,11,23,82.61,157.95,18.82,12.323,0.282,0.032249
15,1966,12,21,82.39,163.53,22.62,11.35,0.302,0.035528
15,1967,1,22,83.335,161.89,25.73,12.404,0.343,0.054579
15,1967,2,20,83.883,162.72,27.08,11.641,0.327,0.068158
15,1967,3,24,84.347,166.58,31.31,13.07,0.308,0.039101
15,1967,4,20,85.005,167.41,31.69,12.616,0.33,0.03559
16,1968,5,20,75.645,-178.79,42.38,23.988,0.318,0.041042
16,1968,6,19,76.078,-177.18,32.69,19.905,0.4,0.044222
16,1968,9,20,79.108,-178.03,18.87,11.988,0.25,0.060185
16,1968,10,20,NaN,NaN,20.21,11.958,0.336,0.053375
16,1968,11,20,80.282,176.38,23.19,13.863,0.299,0.021833
16,1968,12,20,80.73,178.44,26.39,17.564,0.296,0.028752
16,1969,1,20,81.142,174.38,25.64,14.256,0.315,0.031002
16,1969,2,20,80.65,176.46,26.27,14.131,0.336,0.03534
16,1969,3,20,80.867,177.95,26.36,16.556,0.334,0.028363
16,1969,4,20,81.56,177.59,38.83,18.094,0.336,0.021705
16,1969,5,20,NaN,NaN,40.67,19.489,0.314,0.016465
16,1969,9,20,NaN,NaN,20.47,9.5075,0.323,0.010593
16,1969,10,20,NaN,NaN,34.35,14.531,0.32,0.018257
16,1969,11,20,83.897,178.75,34.55,15.307,0.351,0.016633
16,1969,12,20,84.193,-172.77,35.02,16.874,0.351,0.013703
16,1970,1,20,84.293,-159.12,35.93,15.002,0.353,0.032335
16,1970,2,20,NaN,NaN,38.19,17.428,0.336,0.047889
16,1970,3,20,82.858,-154.35,38.45,17.021,0.335,0.031358
16,1970,4,20,83.265,-152.54,52.83,21.487,0.354,0.061319
16,1970,5,20,83.512,-148.94,58.9,25.116,0.315,0.031002
16,1970,6,20,83.272,-146.03,60.29,23.175,0.332,0.035839
16,1970,7,20,84.457,-143.43,4.9,4.8399,0.55,0.06245
16,1970,8,20,NaN,NaN,4.58,4.8371,0.52667,0.055076
16,1970,9,20,85.797,-133.38,13.37,7.7037,0.205,0.017159
16,1970,10,20,NaN,NaN,28.55,12.515,0.275,0.035668
16,1970,11,20,NaN,NaN,41.88,14.878,0.265,0.024152
16,1970,12,20,85.582,-130.91,40.63,18.112,0.274,0.027968
16,1971,1,20,85.96,-123.48,38.38,17.067,0.326,0.04274
16,1971,2,20,NaN,NaN,38.22,17.136,0.327,0.060194
16,1971,3,20,NaN,NaN,47.81,16.623,0.331,0.030714
16,1971,4,20,85.982,-119.64,48.43,16.427,0.32,0.019437
16,1971,6,20,86.008,-110.22,45.18,16.305,0.39,0.065
16,1971,9,20,NaN,NaN,28.95,9.6204,0.25222,0.017159
16,1971,10,20,87.013,-88.885,28.83,13.043,0.29556,0.030867
16,1971,11,20,86.555,-88.485,32.23,12.872,0.30333,0.025495
16,1971,12,20,86.568,-80.838,34.05,16.071,0.301,0.017288
18,1968,9,23,NaN,NaN,NaN,NaN,NaN,NaN
18,1970,5,20,NaN,NaN,23.2,15.793,0.309,0.04383
18,1970,10,20,77.808,150.35,22.28,6.1201,0.222,0.016865
18,1970,11,20,78.895,144.9,15.79,10.101,0.248,0.024855
18,1970,12,20,79.638,147.16,20.22,9.6552,0.267,0.021628
18,1971,1,20,80.425,143.54,22.3,8.5203,0.282,0.019322
18,1971,2,20,NaN,NaN,25.36,9.6426,0.313,0.016364
18,1971,3,20,NaN,NaN,28.8,12.417,0.318,0.016865
18,1971,5,24,NaN,NaN,32.96,14.896,0.271,0.037845
19,1970,1,31,76.487,155.27,22.29,13.462,0.27,0.018257
19,1970,11,30,78.908,147.08,34.16,17.379,0.272,0.047796
19,1970,12,30,79.625,144.63,36.46,16.014,0.273,0.072579
19,1971,1,31,81.012,144.82,35.89,16.224,0.282,0.035214
19,1971,2,28,80.318,150.97,39.81,18.931,0.305,0.049046
19,1971,3,31,81.195,149.93,42.41,16.581,0.316,0.030258
19,1971,5,22,NaN,NaN,43.73,23.962,0.316,0.042216
19,1971,11,14,86.268,134.73,21.53,17.035,0.292,0.030478
19,1971,12,2,86.775,122.65,25.07,20.24,0.274,0.013499
19,1972,1,3,87.077,128.44,26.39,19.258,0.308,0.026162
19,1972,2,2,87.99,156.17,35.33,19.666,0.317,0.01767
19,1972,5,20,89.45,105.35,20.92,13.262,0.28,0.043205
20,1970,5,20,NaN,NaN,NaN,NaN,0.29,0.02582
20,1970,11,20,78.452,-177.9,25.33,10.228,0.148,0.038528
20,1970,10,20,77.268,-175.17,17.95,7.6494,0.205,0.033082
20,1970,11,20,78.452,-177.9,25.33,10.228,0.255,0.038079
20,1970,12,25,NaN,NaN,29.54,11.043,0.271,0.025144
20,1971,1,18,NaN,NaN,31.6,10.81,0.286,0.027568
20,1971,2,22,NaN,NaN,36.3,12.672,0.3,0.029059
20,1971,3,20,NaN,NaN,38.14,13.594,0.307,0.038312
20,1971,4,20,79.182,-176.44,38.71,6.5771,0.332,0.025298
20,1971,5,20,79.08,-175.26,35.89,9.7358,0.308,0.028597
20,1971,9,20,NaN,NaN,20.65,9.2849,0.247,0.019465
20,1971,10,20,80.383,-171.84,27.02,9.4088,0.283,0.040838
20,1971,11,20,81.25,-176.58,28.41,8.7376,0.313,0.020028
20,1971,12,20,81.835,-174.43,30.31,9.7863,0.302,0.017512
20,1972,1,20,80.865,-170.94,33.68,10.716,0.364,0.056411
20,1972,2,20,81.048,-167.93,33.56,11.406,0.37,0.016997
20,1972,3,20,81.058,-167.53,31.96,9.4985,0.328,0.02974
20,1972,4,20,81.347,-167,33.63,9.948,0.315,0.015092
22,1974,10,20,82.29,-175.95,20.3,9.1968,0.262,0.035637
22,1974,11,20,82.258,-176.33,23.84,9.0359,0.31,0.059582
22,1974,12,22,82.022,-172.47,25.34,9.3713,0.256,0.023022
22,1975,1,22,82.605,-169.5,27.22,9.3728,0.268,0.027749
22,1975,2,20,83,-169.75,31.76,10.699,0.268,0.043243
22,1975,3,20,83.49,-170.64,32.52,11.893,0.274,0.031305
22,1975,4,20,NaN,NaN,31.18,10.941,0.302,0.053572
22,1975,5,20,83.907,-167.92,38.42,11.695,0.312,0.014832
22,1975,6,11,84.163,-167.87,36.76,11.778,0.322,0.032711
22,1975,9,20,82.907,-159.29,22.92,5.4692,0.28,0.014142
22,1975,10,20,83.332,-154.58,28.9,8.3648,0.274,0.033615
22,1975,12,20,84.153,-148.08,34.2,5.8832,0.268,0.017889
22,1976,1,20,84.663,-143.6,35.82,5.9374,0.268,0.013038
22,1976,2,20,84.05,-141.65,45.74,7.4088,0.318,0.0249
22,1976,3,20,83.582,-140.9,45.14,7.7749,0.326,0.016733
22,1976,4,20,83.588,-141.24,50.98,7.6731,0.304,0.027019
22,1976,5,20,83.233,-141.08,55.06,6.8016,0.36,0.012247
22,1976,10,20,84.353,-126.15,20.5,5.8002,0.29,0.065574
22,1976,11,20,84.275,-125.22,25.72,6.5404,0.252,0.046583
22,1976,12,20,83.615,-124.61,27,7.2562,0.282,0.026833
22,1977,1,20,82.808,-127.95,27.72,7.1686,0.314,0.056391
22,1977,2,20,82.425,-128.53,29.24,5.3664,0.334,0.037148
22,1977,3,20,82.088,-128.59,30.9,6.3991,0.304,0.015166
22,1977,4,20,NaN,NaN,33.42,6.2469,0.334,0.018166
22,1977,5,20,81.787,-126.93,34.2,6.3728,0.328,0.013038
22,1977,9,19,79.095,-126.74,13.14,9.1116,0.176,0.043359
22,1977,10,19,NaN,NaN,26.1,12.308,0.282,0.017889
22,1977,11,20,76.853,-132.3,28.16,12.422,0.312,0.022804
22,1977,12,19,76.108,-131.8,31.74,14.545,0.3,0.023452
22,1978,1,20,76.102,-132.25,34.64,15.273,0.302,0.037683
22,1978,2,19,75.41,-135.27,38.44,18.238,0.314,0.020736
22,1978,3,20,75.18,-136.33,37.46,17.704,0.31,0.02
22,1978,4,20,75.2,-137.22,38.6,18.384,0.326,0.060663
22,1978,10,20,NaN,NaN,10.68,3.9146,0.216,0.011402
22,1978,11,20,NaN,NaN,17.98,7.6891,0.32,0.086891
22,1978,12,20,NaN,NaN,22.14,11.283,0.256,0.052726
22,1979,1,20,NaN,NaN,21.56,11.523,0.284,0.039749
22,1979,2,20,NaN,NaN,25.88,10.875,0.292,0.029496
22,1979,3,20,NaN,NaN,23.26,10.874,0.29,0.012247
22,1979,4,20,NaN,NaN,41.78,16.79,0.284,0.05461
22,1979,9,20,NaN,NaN,7.88,6.8917,0.20667,0.032042
22,1979,10,20,NaN,NaN,28.38,14.051,0.22833,0.043551
22,1979,11,20,NaN,NaN,24.52,8.2567,0.245,0.017607
22,1979,12,20,NaN,NaN,29.6,10.527,0.29667,0.02582
22,1980,1,20,NaN,NaN,26.72,9.8851,0.29167,0.050365
22,1980,2,20,NaN,NaN,33.16,10.082,0.24,0.028284
22,1980,3,20,NaN,NaN,35.56,11.37,0.27833,0.032506
22,1980,4,20,NaN,NaN,39.32,10.647,0.25333,0.034448
22,1980,9,21,NaN,NaN,10.04,4.598,0.298,0.021679
22,1980,10,21,NaN,NaN,20.74,9.0572,0.31,0.01
22,1980,11,23,NaN,NaN,23.74,9.426,0.308,0.050695
22,1980,12,20,NaN,NaN,24.94,9.0043,0.332,0.014832
22,1981,1,20,NaN,NaN,31.14,10.055,0.316,0.027019
22,1981,2,20,NaN,NaN,31.54,13.686,0.302,0.058481
22,1981,3,20,NaN,NaN,31.12,16.122,0.324,0.059414
22,1981,4,20,NaN,NaN,33.34,16.031,0.326,0.015166
22,1981,9,19,NaN,NaN,16.86,3.8386,0.214,0.015166
22,1981,10,20,NaN,NaN,17.06,4.5509,0.31,0.021213
22,1981,11,20,NaN,NaN,24.34,4.5338,0.302,0.019235
22,1981,12,20,NaN,NaN,25.32,4.515,0.312,0.019235
22,1982,1,20,NaN,NaN,26.86,4.7553,0.32,0.012247
22,1982,2,20,NaN,NaN,38.12,5.2358,0.386,0.0089443
22,1982,3,20,NaN,NaN,50.54,4.6212,0.382,0.0083666
23,1977,10,19,NaN,NaN,25.24,12.166,0.268,0.026833
23,1977,11,19,84.108,154.9,28.86,13.257,0.27,0.026458
23,1977,12,22,85.113,159.11,31.44,13.541,0.276,0.015166
23,1978,1,19,86.358,153.94,29.38,12.983,0.276,0.027928
23,1978,2,20,87.462,145.25,26.72,14.171,0.334,0.013416
23,1978,3,19,NaN,NaN,30.28,12.531,0.31,0.015811
23,1978,4,20,88.648,146.61,31.88,14.44,0.3,0.018708
23,1978,9,20,NaN,NaN,18.98,8.3409,0.262,0.021679
23,1978,10,20,87.978,-26.768,25.18,12.509,0.262,0.023875
24,1978,9,20,77.543,158.47,16.02,8.1202,0.252,0.013038
24,1978,10,20,78.253,157.64,19.44,10.748,0.254,0.020736
24,1978,11,20,78.935,159.63,22.14,12.257,0.278,0.0083666
24,1978,12,19,79.165,155.79,24.98,12.917,0.302,0.013038
24,1979,1,19,79.96,152.05,31.6,15.753,0.286,0.015166
24,1979,2,19,80.107,150.25,34.74,14.652,0.31,0.0070711
24,1979,3,19,80.7,148.4,32.32,12.916,0.322,0.0083666
24,1980,11,20,NaN,NaN,23.96,11.579,0.314,0.027928
25,1981,6,10,76.1645,168.66,17.12,10.973,0.33,0.031972
25,1981,9,20,76.47525,165.875,14.34,3.0919,0.176,0.012649
25,1981,10,20,77.528,161.29,14.91,5.286,0.278,0.0078881
25,1981,11,20,78.208,164.37,20.42,9.682,0.298,0.058271
25,1981,12,20,79.093,162.6,22.36,5.9093,0.305,0.0417
25,1982,1,20,79.868,162.69,22.39,6.1363,0.306,0.04274
25,1982,2,20,81.19,163.25,23.85,5.3548,0.35,0.02582
25,1982,3,20,81.08,165.39,23.91,7.6079,0.348,0.030111
25,1982,4,20,81.743,163.83,22.15,4.8082,0.352,0.013166
25,1982,9,20,85.25675,171.165,18.34,9.0184,0.294,0.039115
25,1982,10,20,85.32857143,-177.1928571,32.94,12.295,0.308,0.0083666
25,1982,11,20,84.89333333,-169.1033333,36.16,11.809,0.302,0.013038
25,1982,12,20,84.89133333,-160.62,35.52,12.209,0.306,0.0054772
25,1983,1,20,84.7925,-155.44,33.16,11.657,0.32,0.01
25,1983,2,20,85.0675,-147.51,35.52,13.033,0.302,0.019235
25,1983,3,20,84.0525,-143.03,34.7,14.109,0.346,0.032094
25,1983,4,20,84.19466667,-141.8733333,36.82,13.474,0.324,0.020736
25,1983,9,20,85.778,-138.04,19.94,13.944,0.282,0.037014
25,1983,9,30,85.79425,-139.3825,26.42,14.909,0.262,0.031145
25,1983,10,10,85.7235,-143.79,27.88,15.019,0.28,0.031623
25,1983,10,20,85.612,-140.55,27.92,14.734,0.276,0.043932
25,1983,10,31,86.011,-136.43,31.6,16.037,0.296,0.026077
25,1983,11,10,86.073,-135.71,32.34,16.172,0.31,0.012247
25,1983,11,20,86.173,-133.69,32.46,16.947,0.316,0.016733
25,1983,11,30,86.085,-133.86,33.96,15.918,0.318,0.0083666
25,1983,12,10,85.737,-133.06,33.28,16.947,0.318,0.022804
25,1983,12,20,85.7275,-128.82,35.24,16.429,0.318,0.016432
25,1983,12,30,85.736,-127.5333333,35.48,16.442,0.322,0.013038
25,1984,1,10,85.715,-127.19,38.76,17.508,0.328,0.0083666
25,1984,1,20,85.69275,-127.17,39.36,18.037,0.336,0.015166
25,1984,1,30,85.702,-126.655,40.48,18.159,0.34,0.01
25,1984,2,10,85.68,-126.74,40.52,17.829,0.338,0.021679
25,1984,2,20,85.604,-124.535,42.86,18.094,0.352,0.017889
25,1984,2,29,85.59625,-124.125,42.58,18.142,0.352,0.021679
25,1984,3,10,85.55425,-122.7225,44.28,18.308,0.35,0.015811
25,1984,3,20,85.587,-122.26,44.32,18.387,0.354,0.015166
26,1983,6,10,NaN,NaN,26.06,16.808,0.31,0.045277
26,1983,6,20,NaN,NaN,26.02,15.062,0.332,0.030332
26,1983,6,31,NaN,NaN,22.96,12.667,0.374,0.086487
26,1983,9,11,79.277,178.74,15.66,8.3973,0.266,0.029665
26,1983,9,20,79.135,176.56,17.98,9.518,0.246,0.018166
26,1983,9,30,79.18,176.99,17.1,8.2986,0.336,0.035071
26,1983,10,10,79.143,178.58,17.68,8.7445,0.336,0.032094
26,1983,10,20,79.07,177.18,17.86,8.0407,0.34,0.04
26,1983,10,31,79.025,174.42,18.06,8.1426,0.346,0.036469
26,1983,11,12,79.533,176.45,21.56,10.426,0.328,0.0044721
26,1983,11,20,79.447,175.89,22.56,10.541,0.32,0.01
26,1983,11,30,79.357,176.37,23,9.9837,0.328,0.010954
26,1983,12,10,79.907,178.78,22.94,9.2789,0.338,0.0083666
26,1983,12,21,80.457,178.26,24.9,9.4074,0.324,0.011402
26,1983,12,31,80.457,175.8,25.48,10.955,0.3,0.017321
26,1984,1,10,80.547,175.6,26.12,11.233,0.298,0.014832
26,1984,1,20,80.653,176.08,26.26,11.87,0.314,0.018166
26,1984,1,31,80.54,175.36,28.88,13.152,0.306,0.0054772
26,1984,2,13,79.958,172.45,37.7,16.746,0.31,0.054772
26,1984,2,23,79.842,174.19,37.6,14.326,0.332,0.017889
26,1984,2,29,79.735,172.54,37.82,14.767,0.326,0.0054772
26,1984,3,10,79.92,171.75,37.46,16.876,0.334,0.011402
26,1984,3,20,80.097,172.78,39.26,18.099,0.338,0.0083666
26,1984,3,31,80.225,172.43,41.54,15.681,0.342,0.014832
26,1985,1,20,NaN,NaN,NaN,NaN,0.342,0.016432
26,1985,2,20,NaN,NaN,NaN,NaN,0.342,0.017889
26,1985,8,21,NaN,NaN,11.54,3.4771,0.194,0.015166
26,1985,9,22,NaN,NaN,17.84,7.6701,0.29,0.033166
26,1985,10,20,NaN,NaN,25.92,12.432,0.324,0.016733
26,1985,11,20,NaN,NaN,24.24,12.992,0.34,0.012247
26,1985,12,20,NaN,NaN,25.42,12.816,0.34,0.022361
26,1985,12,30,NaN,NaN,26.2,12.477,0.342,0.016432
26,1986,2,20,NaN,NaN,29.86,13.299,0.342,0.017889
27,1984,9,20,NaN,NaN,7.66,4.8848,0.218,0.1467
27,1984,10,20,NaN,NaN,14.24,7.0727,0.228,0.021679
27,1984,11,20,NaN,NaN,17.84,10.72,0.212,0.0249
27,1984,12,20,NaN,NaN,18.88,12.165,0.208,0.027749
27,1985,4,20,NaN,NaN,32.73,9.7823,0.4,0.018257
27,1985,9,26,NaN,NaN,1.8,1.7581,0.31,0.040825
27,1985,10,24,NaN,NaN,8.67,2.8215,0.35,0.024037
27,1985,11,11,NaN,NaN,18.05,5.9261,0.371,0.024698
27,1985,12,31,NaN,NaN,26.42,7.905,0.396,0.021187
27,1986,1,31,NaN,NaN,27.4,8.229,0.356,0.025906
27,1986,2,24,NaN,NaN,28.35,10.119,0.356,0.025906
27,1986,3,28,NaN,NaN,28.94,10.415,0.371,0.028067
27,1986,4,28,NaN,NaN,29.578,10.446,0.368,0.019322
27,1986,6,17,NaN,NaN,31.067,18.352,0.362,0.045497
27,1986,6,27,NaN,NaN,20.622,14.266,0.376,0.075033
27,1986,9,7,NaN,NaN,NaN,NaN,0.218,0.028636
27,1986,9,19,NaN,NaN,13.489,6.2181,0.254,0.0089443
27,1986,9,27,NaN,NaN,16.667,6.7487,0.31,0.1179
27,1986,10,10,NaN,NaN,11.289,4.9846,0.252,0.081056
27,1986,10,19,NaN,NaN,13.333,6.3604,0.344,0.078294
27,1986,10,31,NaN,NaN,21.4,9.4974,0.234,0.04827
27,1986,11,6,NaN,NaN,19.2,9.5622,0.31,0.10296
27,1986,11,20,NaN,NaN,15.067,8.7084,0.324,0.10644
27,1986,11,30,NaN,NaN,17.6,11.539,0.24,0.079057
27,1986,12,10,NaN,NaN,14.311,9.1324,0.332,0.070498
27,1986,12,21,NaN,NaN,13.911,9.906,0.286,0.069857
27,1986,12,30,NaN,NaN,14.644,11.928,0.298,0.025884
27,1987,1,9,NaN,NaN,14.467,9.2628,0.362,0.070852
27,1987,1,20,NaN,NaN,14,11.455,0.296,0.030496
27,1987,1,29,NaN,NaN,15.6,10.885,0.29,0.036056
27,1987,2,9,NaN,NaN,14.8,9.3337,0.338,0.038987
27,1987,2,18,NaN,NaN,19.289,12.354,0.328,0.065727
27,1987,2,26,NaN,NaN,18.778,11.92,0.312,0.067602
27,1987,3,9,NaN,NaN,20.489,12.381,0.358,0.043243
27,1987,3,19,NaN,NaN,17.778,10.967,0.39,0.09975
27,1987,3,29,NaN,NaN,18.6,14.639,0.364,0.027019
27,1987,4,8,NaN,NaN,20.578,12.853,0.312,0.020494
27,1987,4,18,NaN,NaN,21.156,13.909,0.338,0.067602
27,1987,4,28,NaN,NaN,NaN,NaN,0.354,0.029665
27,1987,5,8,NaN,NaN,22.511,15.359,0.318,0.025884
28,1986,9,8,81.027,161.6,NaN,NaN,0.24,0.051962
28,1986,9,21,81.115,161.91,NaN,NaN,0.278,0.079498
28,1986,9,30,81.16,162.56,NaN,NaN,0.298,0.096799
28,1986,10,5,81.3,167.11,NaN,NaN,0.266,0.060249
28,1986,10,19,80.882,167.35,NaN,NaN,0.272,0.069785
28,1986,10,27,80.945,168.18,NaN,NaN,0.28,0.059582
28,1986,11,11,81.708,167.45,NaN,NaN,0.282,0.045497
28,1986,11,21,81.932,167.55,NaN,NaN,0.286,0.047223
28,1986,11,30,82.078,168.33,NaN,NaN,0.282,0.049193
28,1986,12,10,82.528,166.66,NaN,NaN,0.292,0.058052
28,1986,12,21,81.748,167.48,NaN,NaN,0.296,0.011402
28,1986,12,31,81.34433333,169.5133333,NaN,NaN,0.3,0.014142
28,1987,1,9,80.953,170.53,NaN,NaN,0.308,0.025884
28,1987,1,20,80.818,169.43,NaN,NaN,0.318,0.016432
28,1987,1,30,80.895,167.96,NaN,NaN,0.32,0.0070711
28,1987,2,8,80.87,168.14,NaN,NaN,0.328,0.0083666
28,1987,2,19,80.865,169.48,NaN,NaN,0.332,0.0083666
28,1987,2,27,81.1225,167.3,NaN,NaN,0.33,0.01
28,1987,3,6,81.387,167.34,NaN,NaN,0.328,0.023875
28,1987,3,15,81.675,169.2,NaN,NaN,0.318,0.025884
28,1987,3,22,81.847,169.27,NaN,NaN,0.312,0.039623
28,1987,4,8,82.41,168.35,NaN,NaN,0.31,0.015811
28,1987,4,18,81.978,168.47,NaN,NaN,0.318,0.034928
28,1987,4,28,81.812,168.96,NaN,NaN,0.312,0.042661
28,1987,5,8,82.238,167.38,NaN,NaN,0.352,0.057184
28,1987,5,18,82.312,167.6,NaN,NaN,0.396,0.065038
28,1987,5,28,82.425,166.54,NaN,NaN,0.408,0.032711
28,1987,6,10,83.14,164.02,NaN,NaN,0.432,0.043243
28,1987,6,18,83.417,163.25,NaN,NaN,0.57,0.035355
28,1987,6,28,83.797,160.96,NaN,NaN,0.668,0.049699
28,1987,10,21,85.462,166.71,NaN,NaN,0.262,0.033466
28,1987,11,8,86.083,162.25,NaN,NaN,0.25,0.04062
28,1987,11,18,86.045,167.9,NaN,NaN,0.248,0.034205
28,1987,11,28,86.272,171.19,NaN,NaN,0.268,0.062209
28,1987,12,8,86.615,165.6,NaN,NaN,0.262,0.023875
28,1987,12,18,86.708,169.51,NaN,NaN,0.26,0.038079
28,1987,12,28,86.472,172.75,NaN,NaN,0.27,0.031623
28,1988,1,8,86.668,173.84,NaN,NaN,0.272,0.025884
28,1988,1,18,87.105,176.61,NaN,NaN,0.286,0.039749
28,1988,1,28,87.38,-179.97,NaN,NaN,0.278,0.014832
28,1988,2,8,87.8,-177.68,NaN,NaN,0.29,0.025495
28,1988,2,18,87.642,-173.66,NaN,NaN,0.3,0.015811
28,1988,2,28,87.853,-172.97,NaN,NaN,0.292,0.031145
28,1988,3,8,88.155,-176.23,NaN,NaN,0.284,0.065803
28,1988,3,18,88.238,-171.28,NaN,NaN,0.35,0.023452
28,1988,3,28,88.515,-178.98,NaN,NaN,0.34,0.015811
29,1988,6,10,NaN,NaN,29.79,13.641,0.316,0.039497
30,1987,11,10,74.936,-175.57,16.76,9.9027,0.258,0.023476
30,1987,11,20,74.777,-178.73,18.66,9.8512,0.327,0.036833
30,1987,11,30,74.56,-177.02,17.62,8.8753,0.295,0.019579
30,1987,12,12,74.39,-178.59,19.36,10.317,0.278,0.018738
30,1987,12,20,74.402,178.85,19.12,9.0793,0.291,0.032813
30,1988,1,10,74.283,176.44,28.24,13.086,0.286,0.030623
30,1988,1,31,74.868,174.28,24.46,12.078,0.345,0.041966
30,1988,2,10,75.323,172.695,23.12,9.544,0.304,0.038064
30,1988,2,20,75.162,173.01,22.88,10.743,0.316,0.040607
30,1988,2,25,75.1135,172.995,24.2,9.9918,0.297,0.022136
30,1988,3,9,75.435,173.14,23.26,8.6185,0.327,0.052292
30,1988,3,19,75.562,172.96,26.54,11.925,0.346,0.063631
30,1988,3,30,75.552,174.13,26.88,9.9727,0.328,0.0607
30,1988,4,9,75.825,174.33,24.7,8.1497,0.334,0.051034
30,1988,4,21,75.953,172.34,27.72,8.8825,0.358,0.039665
30,1988,4,29,76.342,171.29,27.36,11,0.375,0.061509
30,1988,5,10,76.327,169.23,26.18,10.707,0.371,0.044585
30,1988,5,20,76.426,166.285,32.84,12.484,0.34,0.030551
30,1988,5,31,76.593,163.69,34.42,11.925,0.351,0.030714
30,1988,6,10,76.642,162.21,19.52,9.7693,0.361,0.024698
30,1988,6,20,76.757,161.6,15.02,7.471,0.361,0.026854
30,1988,6,30,76.37,162.05,9.66,6.2747,0.371,0.02331
30,1988,8,20,75.91,160.68,7.9,4.958,0.25,0.018856
30,1988,8,30,75.81,160.75,8.64,5.074,0.243,0.023118
30,1988,9,10,75.777,163.69,17.16,10.104,0.223,0.021108
30,1988,9,20,75.523,165.17,18.24,9.595,0.237,0.024967
30,1988,9,30,75.542,166.35,16.22,10.397,0.324,0.029889
30,1988,10,10,75.375,167.93,17.56,8.7951,0.344,0.017127
30,1988,10,20,75.988,167.18,21.88,11.273,0.235,0.018409
30,1988,10,31,76.368,167.92,22.7,13.359,0.296,0.011738
30,1988,11,10,76.688,167.13,22.5,11.937,0.287,0.016364
30,1988,11,21,77.22,165.59,NaN,NaN,0.295,0.019579
30,1988,11,30,77.242,165.85,22.04,10.734,0.305,0.020138
30,1988,12,10,77.263,167.45,23.34,11.712,0.348,0.013166
30,1988,12,20,77.222,170.21,19.52,12.44,0.307,0.020028
30,1988,12,31,77.32,170.23,20.16,11.122,0.302,0.019889
30,1989,1,10,77.607,167.93,20.48,10.525,0.307,0.016364
30,1989,1,20,77.635,169.8,22.02,11.367,0.302,0.016193
30,1989,1,31,77.538,171.48,22.8,11.863,0.316,0.018974
30,1989,2,10,77.683,171.56,22.24,12.631,0.32,0.018856
30,1989,2,20,77.86,169.48,24.2,11.81,0.311,0.016633
30,1989,2,28,78.167,171.11,24.1,11.824,0.315,0.016499
30,1989,3,10,78.533,173.22,24.92,11.961,0.322,0.018738
30,1989,3,20,78.55,173.38,24.82,11.833,0.328,0.014757
30,1989,3,31,78.967,172.7,25.6,11.279,0.339,0.015239
30,1989,4,10,79.233,173.75,26.06,11.377,0.336,0.0084327
30,1989,4,20,79.5,171.33,26.7,10.483,0.334,0.011738
30,1989,4,30,79.15,171.85,26.94,10.11,0.333,0.012517
30,1989,5,10,79.017,172.63,28.1,9.7463,0.344,0.018379
30,1989,9,10,82.5,-170.45,7.08,3.5848,0.1,0.01291
30,1989,9,20,82.15,-170.42,10.82,6.6783,0.14,0.018856
30,1989,9,30,82.25,-165.07,19.34,10.141,0.206,0.01075
30,1989,10,10,82.9,-166.8,20.18,9.1622,0.25,0.041096
30,1989,10,20,82.883,-168.85,22.58,9.8852,0.24,0.039158
30,1989,10,31,82.883,-163.87,21.92,10.806,0.273,0.064472
30,1989,11,10,82.817,-161.33,25.04,11.937,0.302,0.031198
30,1989,11,20,83.017,-161.07,26.84,12.28,0.289,0.042282
30,1989,11,30,82.967,-158.02,25.58,12.673,0.303,0.021108
30,1989,12,10,83.283,-156.18,26.3,12.654,0.302,0.018738
30,1989,12,21,83.45,-155.02,27.04,13.04,0.301,0.021833
30,1989,12,31,83.183,-153.28,27.98,13.573,0.307,0.026268
30,1990,1,10,82.667,-152.22,31.56,14.024,0.303,0.038312
30,1990,1,20,82.683,-150.93,29.94,15.821,0.332,0.028206
30,1990,1,31,82.183,-151.68,29.94,13.764,0.314,0.031693
30,1990,2,10,82.05,-150.8,29.26,14.074,0.319,0.059712
30,1990,2,20,82.033,-150.77,30.22,14.299,0.325,0.042753
30,1990,2,28,82.05,-150.68,29.74,14.001,0.303,0.03199
30,1990,3,10,82.2,-150.42,31.4,14.244,0.324,0.038064
30,1990,3,20,82.317,-150.08,30.34,14.214,0.323,0.016364
30,1990,3,31,82.283,-149,32.1,15.976,0.333,0.03093
30,1990,5,10,83.2,-140.13,32.98,16.041,0.304,0.016465
30,1990,6,10,83.783,-134.05,34.96,14.792,0.302,0.020976
30,1990,9,20,83.718,-128.2,14.5,5.9565,0.227,0.023594
30,1990,10,11,83.827,-126.22,19.6,7.0392,0.234,0.017127
30,1990,10,21,85.298,-124.21,20.2,8.1741,0.245,0.018409
30,1990,10,30,85.517,-122.95,22,10.035,0.261,0.017288
30,1990,11,10,84.282,-121.83,21.42,9.381,0.255,0.023214
30,1990,11,20,85.29,-122.715,21.48,9.5238,0.268,0.027406
30,1990,11,30,83.988,-122.61,21.64,10.159,0.267,0.021628
30,1990,12,10,83.71,-123.8,22.3,9.9412,0.33,0.070711
30,1990,12,20,83.875,-122.66,21.18,9.8077,0.342,0.050067
30,1990,12,30,83.678,-123.29,25.34,10.638,0.327,0.057937
30,1991,1,10,84.517,-124.56,NaN,NaN,0.271,0.046056
30,1991,1,20,83.632,-124.72,25.88,10.48,0.267,0.0462
30,1991,1,31,83.245,-124.44,28.74,10.949,0.231,0.036347
30,1991,2,10,83.305,-122.62,25.06,10.483,0.248,0.039665
30,1991,2,21,82.5865,-126.345,26.28,10.755,0.272,0.024855
30,1991,2,28,82.542,-125.83,28.08,11.53,0.25,0.046428
30,1991,3,10,NaN,NaN,29.44,11.368,0.289,0.031429
31,1988,12,10,NaN,NaN,27.3,11.96,0.306,0.050596
31,1988,12,20,NaN,NaN,26.12,11.515,0.299,0.039567
31,1988,12,30,NaN,NaN,28.18,10.858,0.302,0.019889
31,1989,1,10,77.183,-156.85,31.1,12.582,0.329,0.025582
31,1989,1,20,77.117,-155.32,NaN,NaN,0.337,0.026687
31,1989,1,31,77.067,-154.2,31,11.384,0.344,0.044522
31,1989,2,10,77.317,-152.87,37.06,13.275,0.329,0.021318
31,1989,2,21,77.8,-153.13,39.2,12.41,0.323,0.021108
31,1989,2,28,77.7,-151.75,37.52,11.647,0.329,0.01792
31,1989,3,10,77.883,-150.7,42.28,13.127,0.328,0.018738
31,1989,3,20,77.7,-150.58,40.68,12.893,0.325,0.01354
31,1989,3,30,77.933,-150.75,40.78,12.046,0.331,0.01912
31,1989,4,10,78,-150.43,40.56,11.283,0.328,0.019889
31,1989,4,20,78.25,-151.45,40.48,10.871,0.33,0.011547
31,1989,4,30,78.15,-152.02,40.94,11.14,0.329,0.018529
31,1989,5,10,77.9,-150.68,48.28,12.773,0.329,0.029609
31,1989,5,20,77.867,-151.68,43.98,10.328,0.344,0.015055
31,1989,5,31,78.383,-150.52,43.48,12.219,0.347,0.014181
31,1989,6,10,78.533,-148.78,36.26,10.204,0.376,0.02319
31,1989,6,20,78.433,-147.3,29.2,9.9816,0.41,0.029814
31,1989,9,20,78.433,-140.78,10.5,6.2507,0.268,0.030111
31,1989,9,30,78.2,-139,11.14,6.0778,0.274,0.02319
31,1989,10,10,78.683,-139.93,17.02,5.8988,0.279,0.011972
31,1989,10,20,78.9,-138.98,22.76,7.9708,0.285,0.0052705
31,1989,10,31,78.467,-136.65,24.86,9.8644,0.29,0.015635
31,1989,11,10,78.4,-136.05,18.66,5.4869,0.288,0.011353
31,1989,11,20,78,-137.08,19.14,5.3605,0.291,0.0056765
31,1989,11,30,77.683,-136.25,22.26,6.1339,0.293,0.0048305
31,1989,12,10,77.7,-135.97,19.34,7.8782,0.298,0.013984
31,1989,12,20,77.483,-136.28,20.24,9.578,0.30222,0.0097183
31,1989,12,31,77.233,-135.35,20.12,8.0828,0.30111,0.0078174
31,1990,1,10,76.517,-135.47,23.38,10.256,0.3,0.014142
31,1990,1,20,76.517,-135.47,23.6,10.945,0.296,0.013499
31,1990,1,31,76.333,-135.55,23.06,9.8859,0.297,0.018886
31,1990,2,10,76.3,-135.22,24.5,8.1096,0.308,0.0091894
31,1990,2,20,76.3,-135.22,27.2,11.23,0.307,0.013375
31,1990,2,28,76.3,-135.23,27.8,8.6567,0.309,0.011972
31,1990,3,10,76.317,-135.08,25.74,8.9939,0.304,0.0084327
31,1990,3,20,76.367,-135.03,27.08,12.923,0.302,0.016193
31,1990,3,31,76.317,-134.93,26.7,9.0356,0.305,0.017795
31,1990,4,10,76.233,-134.5,30.9,13.444,0.259,0.068548
31,1990,4,30,76.277,-133.98,25.84,13.666,0.327,0.0643
31,1990,5,10,76.308,-133.89,26.44,13.601,0.342,0.059217
31,1990,5,21,76.407,-133.88,28.54,12.935,0.342,0.07208
31,1990,5,31,76.377,-134.5,26.92,12.652,0.312,0.031552
31,1990,6,10,76.017,-133.78,26.46,12.435,0.312,0.050947
31,1990,9,30,72.83,-135.77,9.94,8.2324,0.302,0.055936
31,1990,10,10,72.808,-137.16,13.04,7.3038,0.236,0.028363
31,1990,10,21,73.212,-138.46,12.5,6.491,0.216,0.043767
31,1990,10,31,73.097,-140.98,14.7,9.0017,0.225,0.046007
31,1990,11,11,72.958,-140.38,13.22,7.1921,0.224,0.022211
31,1990,11,21,72.968,-141.44,18.3,11.165,0.243,0.027909
31,1990,11,30,72.98,-143.04,15.04,8.8224,0.226,0.020111
31,1990,12,10,72.823,-144.06,17.02,9.8115,0.23,0.033665
31,1990,12,20,73.19,-146.28,20,10.65,0.233,0.046916
31,1990,12,30,72.698,-145.16,18.18,10.016,0.265,0.066117
31,1991,1,10,72.453,-144.91,21.02,10.594,0.231,0.02846
31,1991,1,20,72.42,-145.1,25.6,13.683,0.238,0.030111
31,1991,1,31,72.21,-144.29,23.46,12.914,0.297,0.055787
31,1991,2,9,72.175,-144.26,29.8,12.819,0.323,0.031287
31,1991,2,20,72.183,-146.88,33.04,15.114,0.328,0.031198
31,1991,2,28,72.188,-147.11,36.12,13.257,0.341,0.029231
31,1991,3,10,72.193,-148.57,36.18,14.328,0.346,0.029136
31,1991,3,20,72.12,-148.97,39.5,16.463,0.348,0.026583
31,1991,3,31,72.102,-148.79,38.5,16.568,0.345,0.032745
